1,1,1,1,5,Do stuff 1,Comments 1
1,2,2,1,1,Do stuff 2,Comments 2
1,3,3,1,2,Do stuff 3,Comments 3
1,4,4,5,7,Do stuff 4,Comments 4
1,4,5,5,7,Do stuff 5,Comments 5
1,4,6,5,7,Do stuff 6,Comments 6
1,5,7,2,3,Do stuff 7,Comments 7
1,5,8,2,3,Do stuff 8,Comments 8
1,5,9,2,3,Do stuff 9,Comments 9
1,6,10,1,2,Do stuff 10,Comments 10
1,7,11,3,5,Do stuff 11,Comments 11
1,7,12,3,5,Do stuff 12,Comments 12
1,8,13,2,4,Do stuff 13,Comments 13
1,8,14,2,4,Do stuff 14,Comments 14
1,9,15,2,4,Do stuff 15,Comments 15